Gene ID,Seed_Gene,GeneA,GeneB
0,ATG16L1,55054,55054
0,ATG16L1,55054,55054
0,ATG16L1,9140,55054
0,ATG16L1,8517,55054
0,ATG16L1,55054,1213
0,ATG16L1,55054,3308
0,ATG16L1,55054,2217
0,ATG16L1,55054,1213
0,ATG16L1,55054,9474
0,ATG16L1,55054,1173
0,ATG16L1,23001,55054
0,ATG16L1,55054,351
0,ATG16L1,9474,55054
0,ATG16L1,9474,55054
0,ATG16L1,5702,55054
0,ATG16L1,26100,55054
0,ATG16L1,57405,55054
0,ATG16L1,171024,55054
0,ATG16L1,83452,55054
0,ATG16L1,9545,55054
0,ATG16L1,55054,83452
0,ATG16L1,55054,9545
0,ATG16L1,55054,9363
0,ATG16L1,55054,11021
0,ATG16L1,9363,55054
0,ATG16L1,11021,55054
0,ATG16L1,55054,83452
0,ATG16L1,55054,9363
0,ATG16L1,55054,9474
0,ATG16L1,55054,10188
0,ATG16L1,55054,10188
0,ATG16L1,55054,9821
0,ATG16L1,55054,9474
0,ATG16L1,55054,9821
0,ATG16L1,55054,9776
0,ATG16L1,55054,8408
0,ATG16L1,9821,55054
0,ATG16L1,55054,9821
0,ATG16L1,9528,55054
0,ATG16L1,55054,9528
0,ATG16L1,9528,55054
0,ATG16L1,55054,64127
0,ATG16L1,55054,7097
0,ATG16L1,55054,80342
0,ATG16L1,55054,162989
0,ATG16L1,7316,55054
0,ATG16L1,7316,55054
0,ATG16L1,9821,55054
0,ATG16L1,55054,9821
0,ATG16L1,9474,55054
0,ATG16L1,26100,55054
0,ATG16L1,55054,9821
0,ATG16L1,10392,55054
0,ATG16L1,7316,55054
0,ATG16L1,55054,10392
0,ATG16L1,55054,64127
0,ATG16L1,10392,55054
0,ATG16L1,64127,55054
0,ATG16L1,4343,55054
0,ATG16L1,10482,55054
0,ATG16L1,345611,55054
0,ATG16L1,55054,345611
0,ATG16L1,1856,55054
0,ATG16L1,7514,55054
0,ATG16L1,55054,9474
0,ATG16L1,9474,55054
0,ATG16L1,9474,55054
0,ATG16L1,4210,55054
0,ATG16L1,9140,55054
0,ATG16L1,55054,8139
0,ATG16L1,55054,9474
0,ATG16L1,55054,8540
0,ATG16L1,55054,10574
0,ATG16L1,55054,10576
0,ATG16L1,55054,7203
0,ATG16L1,55054,6621
0,ATG16L1,64422,55054
0,ATG16L1,9474,55054
0,ATG16L1,81631,55054
0,ATG16L1,440738,55054
0,ATG16L1,1994,55054
0,ATG16L1,9474,55054
0,ATG16L1,55054,9474
0,ATG16L1,26100,55054
0,ATG16L1,64422,55054
0,ATG16L1,9321,55054
0,ATG16L1,121457,55054
0,ATG16L1,60592,55054
0,ATG16L1,11243,55054
0,ATG16L1,81035,55054
0,ATG16L1,57405,55054
0,ATG16L1,5702,55054
0,ATG16L1,10626,55054
0,ATG16L1,55054,10626
0,ATG16L1,55054,7316
0,ATG16L1,7046,77040
0,ATG16L1,658,77040
1,IL23R,3594,149233
1,IL23R,51561,149233
1,IL23R,10438,149233
2,IRGM,345611,345611
2,IRGM,345611,8408
2,IRGM,345611,55626
2,IRGM,345611,8678
2,IRGM,8678,345611
2,IRGM,345611,22863
2,IRGM,345611,55054
2,IRGM,55054,345611
2,IRGM,345611,64127
2,IRGM,64127,345611
2,IRGM,64127,345611
2,IRGM,345611,10392
2,IRGM,23586,345611
2,IRGM,345611,7098
3,ADAM30,11085,253558
3,ADAM30,11085,9509
3,ADAM30,4593,11085
3,ADAM30,11085,90701
3,ADAM30,11085,2295
3,ADAM30,11085,57556
3,ADAM30,11085,821
3,ADAM30,11085,84749
3,ADAM30,11085,22823
3,ADAM30,11085,9789
3,ADAM30,11085,5362
3,ADAM30,11085,196410
4,CPEB4,80315,3340
4,CPEB4,80315,9690
4,CPEB4,60485,80315
4,CPEB4,648,80315
5,CREB5,9586,9586
5,CREB5,9586,3725
5,CREB5,9586,11016
5,CREB5,9586,1386
5,CREB5,9586,3727
5,CREB5,9586,3725
5,CREB5,9586,571
5,CREB5,2355,9586
5,CREB5,2353,9586
5,CREB5,55366,9586
5,CREB5,373,9586
5,CREB5,1295,9586
5,CREB5,2353,9586
5,CREB5,2355,9586
5,CREB5,3801,9586
5,CREB5,3866,9586
5,CREB5,4188,9586
5,CREB5,672,9586
5,CREB5,7186,9586
5,CREB5,7205,9586
5,CREB5,8061,9586
5,CREB5,8601,9586
5,CREB5,9586,10252
5,CREB5,9586,10253
5,CREB5,9586,11030
5,CREB5,9586,23281
5,CREB5,9586,30008
5,CREB5,9586,54507
5,CREB5,9586,80705
5,CREB5,9586,83755
5,CREB5,9586,83897
5,CREB5,9586,83899
5,CREB5,9586,85280
5,CREB5,9586,85291
5,CREB5,9586,85376
5,CREB5,9586,125115
5,CREB5,9586,146664
5,CREB5,9586,386675
5,CREB5,9586,386676
5,CREB5,9586,386677
5,CREB5,9586,386678
5,CREB5,9586,386680
5,CREB5,9586,386681
5,CREB5,9586,386682
5,CREB5,9586,388677
5,CREB5,9586,440023
5,CREB5,3725,9586
5,CREB5,2130,9586
5,CREB5,3725,9586
5,CREB5,29124,9586
5,CREB5,3846,9586
5,CREB5,2353,9586
5,CREB5,25820,9586
5,CREB5,9586,1386
5,CREB5,9586,571
5,CREB5,3726,9586
5,CREB5,2355,9586
5,CREB5,9586,11016
5,CREB5,4302,9586
5,CREB5,55509,9586
5,CREB5,55844,9586
5,CREB5,9586,3725
5,CREB5,9586,3727
6,FASLG,356,23048
6,FASLG,356,11252
6,FASLG,356,2885
6,FASLG,2885,356
6,FASLG,23048,356
6,FASLG,11252,356
6,FASLG,11252,356
6,FASLG,23048,356
6,FASLG,356,8772
6,FASLG,356,841
6,FASLG,356,355
6,FASLG,356,8795
6,FASLG,637,356
6,FASLG,7430,356
6,FASLG,8772,356
6,FASLG,355,356
6,FASLG,5599,356
6,FASLG,4478,356
6,FASLG,843,356
6,FASLG,841,356
6,FASLG,387,356
6,FASLG,396,356
6,FASLG,356,7132
6,FASLG,2268,356
6,FASLG,4067,356
6,FASLG,2534,356
6,FASLG,356,7132
6,FASLG,356,355
6,FASLG,356,8772
6,FASLG,356,841
6,FASLG,8771,356
6,FASLG,356,2335
6,FASLG,4316,356
6,FASLG,355,356
6,FASLG,2534,356
6,FASLG,5783,356
6,FASLG,8771,356
6,FASLG,8771,356
6,FASLG,7430,356
6,FASLG,356,2534
6,FASLG,356,2885
6,FASLG,356,3932
6,FASLG,10750,356
6,FASLG,9402,356
6,FASLG,4690,356
6,FASLG,355,356
6,FASLG,356,4067
6,FASLG,356,5483
6,FASLG,356,26578
6,FASLG,356,257364
6,FASLG,356,3055
6,FASLG,356,4690
6,FASLG,356,7525
6,FASLG,356,6714
6,FASLG,356,51429
6,FASLG,356,57522
6,FASLG,356,285590
6,FASLG,356,695
6,FASLG,356,79574
6,FASLG,356,64333
6,FASLG,356,51168
6,FASLG,356,8440
6,FASLG,356,2533
6,FASLG,356,7006
6,FASLG,356,6708
6,FASLG,356,64092
6,FASLG,356,153769
6,FASLG,356,1740
6,FASLG,356,10174
6,FASLG,356,8935
6,FASLG,356,1398
6,FASLG,356,51517
6,FASLG,356,9644
6,FASLG,356,55971
6,FASLG,356,6457
6,FASLG,356,27134
6,FASLG,356,784
6,FASLG,356,58538
6,FASLG,356,5290
6,FASLG,356,23268
6,FASLG,356,9732
6,FASLG,356,8997
6,FASLG,356,346389
6,FASLG,356,9901
6,FASLG,356,2534
6,FASLG,356,8190
6,FASLG,356,23380
6,FASLG,356,50618
6,FASLG,356,653361
6,FASLG,356,3702
6,FASLG,356,785
6,FASLG,356,150221
6,FASLG,356,3702
6,FASLG,356,51429
6,FASLG,356,112574
6,FASLG,356,257364
6,FASLG,356,51429
6,FASLG,356,10845
6,FASLG,356,10609
6,FASLG,356,3275
6,FASLG,356,257364
6,FASLG,356,27102
6,FASLG,356,10536
6,FASLG,356,158747
6,FASLG,356,355
6,FASLG,356,8772
6,FASLG,356,8837
6,FASLG,356,841
6,FASLG,356,7205
6,FASLG,356,8601
6,FASLG,356,125115
6,FASLG,356,388677
6,FASLG,637,356
6,FASLG,8772,356
6,FASLG,355,356
6,FASLG,356,5295
6,FASLG,356,2534
6,FASLG,356,2335
6,FASLG,5599,356
6,FASLG,4316,356
6,FASLG,50618,356
6,FASLG,356,3275
6,FASLG,356,27102
6,FASLG,356,257364
6,FASLG,356,158747
6,FASLG,356,10536
7,FUT2,23390,2524
8,GPX4,55593,2879
8,GPX4,2879,231
8,GPX4,2879,226
8,GPX4,2879,230
8,GPX4,2879,1854
8,GPX4,2879,2023
8,GPX4,2879,2026
8,GPX4,2879,2027
8,GPX4,2879,2280
8,GPX4,2879,51022
8,GPX4,56605,2879
8,GPX4,2108,2879
8,GPX4,2109,2879
8,GPX4,7430,2879
8,GPX4,2286,2879
8,GPX4,3094,2879
8,GPX4,3028,2879
8,GPX4,3613,2879
8,GPX4,10204,2879
8,GPX4,441531,2879
8,GPX4,6647,2879
8,GPX4,6648,2879
8,GPX4,6876,2879
8,GPX4,8407,2879
8,GPX4,7086,2879
8,GPX4,7347,2879
8,GPX4,7416,2879
8,GPX4,7417,2879
8,GPX4,2879,3336
8,GPX4,2879,5603
8,GPX4,2879,9588
8,GPX4,55611,2879
8,GPX4,2879,4199
8,GPX4,2879,5300
8,GPX4,2879,10105
8,GPX4,2879,7001
8,GPX4,2879,9588
8,GPX4,9859,2879
8,GPX4,2879,10963
8,GPX4,119391,2879
9,HMHA1,7531,23526
9,HMHA1,4193,23526
10,IFNAR1,3454,7297
10,IFNAR1,3454,1173
10,IFNAR1,3454,7297
10,IFNAR1,3454,6773
10,IFNAR1,3454,3276
10,IFNAR1,3454,3276
10,IFNAR1,3454,23291
10,IFNAR1,3454,7297
10,IFNAR1,23291,3454
10,IFNAR1,23291,3454
10,IFNAR1,3454,23291
10,IFNAR1,23291,3454
10,IFNAR1,25865,3454
10,IFNAR1,3454,25865
10,IFNAR1,3454,8945
10,IFNAR1,3454,8651
10,IFNAR1,3454,8945
10,IFNAR1,3454,23291
10,IFNAR1,3454,1173
10,IFNAR1,3454,5295
10,IFNAR1,3454,6773
10,IFNAR1,3454,7297
10,IFNAR1,3454,6773
10,IFNAR1,3454,6773
10,IFNAR1,3454,6774
10,IFNAR1,3454,6778
10,IFNAR1,10399,3454
10,IFNAR1,3454,3455
10,IFNAR1,3456,3454
10,IFNAR1,8945,3454
10,IFNAR1,8797,3454
11,IFNGR2,3458,3460
11,IFNGR2,3460,3717
11,IFNGR2,9093,3460
11,IFNGR2,817,3460
11,IFNGR2,3460,6168
11,IFNGR2,1994,3460
12,IL31RA,133396,3958
12,IL31RA,133396,37
12,IL31RA,133396,10544
12,IL31RA,133396,23650
12,IL31RA,133396,5268
12,IL31RA,133396,10457
12,IL31RA,133396,221301
12,IL31RA,133396,254773
12,IL31RA,133396,79887
12,IL31RA,133396,51702
12,IL31RA,133396,6274
12,IL31RA,133396,202
12,IL31RA,133396,341208
12,IL31RA,133396,5333
12,IL31RA,133396,391123
12,IL31RA,133396,147409
12,IL31RA,133396,11072
12,IL31RA,133396,131578
12,IL31RA,133396,8991
12,IL31RA,133396,4759
12,IL31RA,133396,11187
12,IL31RA,133396,55
12,IL31RA,133396,810
13,IL6ST,3572,7088
13,IL6ST,3572,1271
13,IL6ST,1271,3572
13,IL6ST,367,3572
13,IL6ST,3977,3572
13,IL6ST,1025,3572
13,IL6ST,3716,3572
13,IL6ST,3716,3572
13,IL6ST,3570,3572
13,IL6ST,3572,5781
13,IL6ST,3572,9021
13,IL6ST,3572,9021
13,IL6ST,3572,5777
13,IL6ST,6464,3572
13,IL6ST,6464,3572
13,IL6ST,3572,3716
13,IL6ST,3572,5580
13,IL6ST,3572,6774
13,IL6ST,3572,5295
13,IL6ST,3055,3572
13,IL6ST,3572,2064
13,IL6ST,2064,3572
13,IL6ST,3572,2065
13,IL6ST,3572,7409
13,IL6ST,3572,2885
13,IL6ST,3572,2885
13,IL6ST,3572,3977
13,IL6ST,3572,9180
13,IL6ST,3572,7088
13,IL6ST,3572,5781
13,IL6ST,3572,3716
13,IL6ST,3572,3717
13,IL6ST,3572,7297
13,IL6ST,3572,5781
13,IL6ST,3572,9021
13,IL6ST,3572,5781
13,IL6ST,3572,4110
13,IL6ST,3572,29979
13,IL6ST,3572,30818
13,IL6ST,3572,54557
13,IL6ST,29108,3572
13,IL6ST,5008,3572
13,IL6ST,9021,3572
13,IL6ST,5008,3572
13,IL6ST,999,3572
13,IL6ST,16195,5781
13,IL6ST,16195,867
14,JAZF1,7182,221895
14,JAZF1,221895,5468
14,JAZF1,221895,6256
14,JAZF1,8089,221895
14,JAZF1,8089,221895
14,JAZF1,8295,221895
14,JAZF1,64769,221895
14,JAZF1,8607,221895
14,JAZF1,9643,221895
14,JAZF1,4610,221895
14,JAZF1,8089,221895
14,JAZF1,255626,221895
14,JAZF1,56505,221895
15,LACC1,144811,25942
15,LACC1,144811,57532
15,LACC1,144811,51742
15,LACC1,144811,23131
15,LACC1,144811,84312
15,LACC1,144811,51526
15,LACC1,144811,341208
15,LACC1,144811,7257
15,LACC1,144811,5268
15,LACC1,144811,5515
15,LACC1,144811,64426
15,LACC1,144811,11187
15,LACC1,144811,7840
15,LACC1,144811,8991
15,LACC1,144811,11072
15,LACC1,144811,131578
15,LACC1,144811,1164
15,LACC1,144811,440686
15,LACC1,144811,3021
15,LACC1,144811,147409
15,LACC1,144811,65986
15,LACC1,144811,8338
15,LACC1,144811,285973
15,LACC1,144811,391123
15,LACC1,144811,5355
15,LACC1,114299,144811
15,LACC1,5000,144811
15,LACC1,3300,144811
15,LACC1,144811,5159
15,LACC1,29886,144811
15,LACC1,144811,5268
15,LACC1,144811,285973
15,LACC1,144811,8338
15,LACC1,51526,144811
15,LACC1,144811,3021
15,LACC1,144811,7257
15,LACC1,9550,144811
15,LACC1,144811,11072
15,LACC1,144811,84312
15,LACC1,144811,64426
15,LACC1,144811,1164
15,LACC1,144811,440686
15,LACC1,7178,144811
15,LACC1,5879,144811
15,LACC1,3300,144811
15,LACC1,114299,144811
15,LACC1,144811,391123
15,LACC1,144811,341208
15,LACC1,144811,23131
15,LACC1,144811,254773
15,LACC1,144811,131578
15,LACC1,144811,65986
15,LACC1,10395,144811
15,LACC1,144811,147409
15,LACC1,144811,11187
15,LACC1,144811,221301
15,LACC1,5000,144811
15,LACC1,144811,8991
15,LACC1,144811,51742
15,LACC1,144811,25942
15,LACC1,144811,5355
15,LACC1,144811,55
15,LACC1,144811,7840
16,LGALS9,3965,1499
16,LGALS9,3965,3728
16,LGALS9,3965,6510
16,LGALS9,3965,5034
16,LGALS9,3965,2923
16,LGALS9,3965,10130
16,LGALS9,3965,5796
16,LGALS9,3965,11342
16,LGALS9,3965,79932
16,LGALS9,3965,493
16,LGALS9,3965,4233
16,LGALS9,3965,6558
16,LGALS9,3965,64121
16,LGALS9,3965,4238
16,LGALS9,3965,81035
16,LGALS9,3965,22795
16,LGALS9,3965,214
16,LGALS9,3965,135228
16,LGALS9,3965,5738
16,LGALS9,3965,374383
16,LGALS9,3965,6653
16,LGALS9,3965,5420
16,LGALS9,3965,3912
16,LGALS9,3965,5795
16,LGALS9,3965,2335
16,LGALS9,3965,10444
16,LGALS9,3965,965
16,LGALS9,3965,6560
16,LGALS9,3965,9990
16,LGALS9,3965,3910
16,LGALS9,3965,2030
16,LGALS9,3965,286410
16,LGALS9,3965,4669
16,LGALS9,3965,284217
16,LGALS9,3965,4012
16,LGALS9,3965,4125
16,LGALS9,3965,5361
16,LGALS9,3965,1605
16,LGALS9,3965,9497
16,LGALS9,3965,9902
16,LGALS9,3965,3676
16,LGALS9,3965,10479
16,LGALS9,3965,6533
16,LGALS9,3965,10723
16,LGALS9,3965,22875
16,LGALS9,3965,79572
16,LGALS9,3965,961
16,LGALS9,3965,538
16,LGALS9,3965,5781
16,LGALS9,3965,3958
16,LGALS9,3965,10325
16,LGALS9,3965,2192
16,LGALS9,3965,3688
16,LGALS9,3965,153129
16,LGALS9,3965,3321
16,LGALS9,3965,9847
16,LGALS9,3965,9019
16,LGALS9,3965,284194
16,LGALS9,3965,28962
16,LGALS9,3965,4060
16,LGALS9,3965,1182
16,LGALS9,3965,967
16,LGALS9,3965,5101
16,LGALS9,3965,57670
16,LGALS9,3965,79065
16,LGALS9,3965,1464
16,LGALS9,3965,56996
16,LGALS9,3965,26032
16,LGALS9,3965,9351
16,LGALS9,55872,3965
16,LGALS9,654346,3965
16,LGALS9,10713,3965
16,LGALS9,3965,4035
16,LGALS9,654346,3965
16,LGALS9,3965,286410
16,LGALS9,3965,10444
16,LGALS9,3965,4125
16,LGALS9,3965,4811
16,LGALS9,55872,3965
16,LGALS9,3965,1605
16,LGALS9,3965,5795
16,LGALS9,3965,284217
16,LGALS9,3965,3910
16,LGALS9,3965,10325
16,LGALS9,3965,3676
16,LGALS9,3965,153129
16,LGALS9,3965,1464
16,LGALS9,3965,22795
16,LGALS9,3965,1182
16,LGALS9,3965,57670
16,LGALS9,3965,28962
16,LGALS9,3965,5420
16,LGALS9,3965,3321
16,LGALS9,3965,2335
16,LGALS9,3965,493
16,LGALS9,3965,9497
16,LGALS9,3965,10479
16,LGALS9,3965,4233
16,LGALS9,3965,9990
16,LGALS9,3965,79065
16,LGALS9,3965,9351
16,LGALS9,3965,214
16,LGALS9,3965,22875
16,LGALS9,3965,5796
16,LGALS9,3965,10723
16,LGALS9,3965,284194
16,LGALS9,3965,4012
16,LGALS9,3965,135228
16,LGALS9,3965,64121
16,LGALS9,3965,79932
16,LGALS9,3965,6560
16,LGALS9,3965,9902
16,LGALS9,3965,3958
16,LGALS9,3965,5781
16,LGALS9,3965,2192
16,LGALS9,3965,961
16,LGALS9,3965,1889
16,LGALS9,3965,3912
16,LGALS9,3965,9847
16,LGALS9,3965,11342
16,LGALS9,3965,6533
16,LGALS9,3965,10099
16,LGALS9,3965,4238
16,LGALS9,3965,967
16,LGALS9,3965,6558
16,LGALS9,3965,53
16,LGALS9,3965,79572
16,LGALS9,3965,6653
16,LGALS9,3965,81035
16,LGALS9,3965,4669
16,LGALS9,3965,9019
16,LGALS9,3965,965
16,LGALS9,3965,5361
16,LGALS9,3965,5738
16,LGALS9,3965,3688
16,LGALS9,3965,80381
17,NOD2,64127,64127
17,NOD2,58484,64127
17,NOD2,834,64127
17,NOD2,64127,8767
17,NOD2,64127,8767
17,NOD2,8767,64127
17,NOD2,64127,8767
17,NOD2,8767,64127
17,NOD2,64127,8767
17,NOD2,58484,64127
17,NOD2,64127,100506742
17,NOD2,64127,5987
17,NOD2,5987,64127
17,NOD2,9618,64127
17,NOD2,64127,8767
17,NOD2,64127,9618
17,NOD2,331,64127
17,NOD2,64127,6885
17,NOD2,64127,6885
17,NOD2,8878,64127
17,NOD2,7189,64127
17,NOD2,6885,64127
17,NOD2,64127,6885
17,NOD2,6885,64127
17,NOD2,64127,6885
17,NOD2,55054,64127
17,NOD2,10910,64127
17,NOD2,64127,7316
17,NOD2,55054,64127
17,NOD2,64127,55054
17,NOD2,10392,64127
17,NOD2,64127,10392
17,NOD2,345611,64127
17,NOD2,64127,345611
17,NOD2,64127,345611
17,NOD2,64127,1540
17,NOD2,64127,55072
17,NOD2,64127,10616
17,NOD2,64127,8767
17,NOD2,64127,81858
17,NOD2,64127,7128
17,NOD2,64127,55072
17,NOD2,64127,10616
17,NOD2,64127,81858
17,NOD2,64127,2590
17,NOD2,64127,51024
17,NOD2,64127,7088
17,NOD2,64127,7431
17,NOD2,64127,10524
17,NOD2,64127,5529
17,NOD2,64127,2590
17,NOD2,64127,51024
17,NOD2,64127,7088
17,NOD2,64127,7431
17,NOD2,64127,10524
17,NOD2,64127,5529
17,NOD2,64127,8767
17,NOD2,64127,329
17,NOD2,64127,330
17,NOD2,64127,375607
17,NOD2,64127,331
17,NOD2,64127,8517
17,NOD2,64127,8737
17,NOD2,64127,55072
17,NOD2,64127,10616
17,NOD2,64127,81858
17,NOD2,64127,10980
18,NOS2,4843,4843
18,NOS2,4843,4843
18,NOS2,4843,4843
18,NOS2,4843,51377
18,NOS2,84727,4843
18,NOS2,84727,4843
18,NOS2,92369,4843
18,NOS2,80176,4843
18,NOS2,4843,80176
18,NOS2,4843,92369
18,NOS2,80176,4843
18,NOS2,92369,4843
18,NOS2,4843,80176
18,NOS2,4843,84727
18,NOS2,4843,6921
18,NOS2,4843,8065
18,NOS2,6921,4843
18,NOS2,84727,4843
18,NOS2,84727,4843
18,NOS2,84727,4843
18,NOS2,4843,84727
18,NOS2,4843,80176
18,NOS2,80176,4843
18,NOS2,4843,9368
18,NOS2,5880,4843
18,NOS2,4843,5880
18,NOS2,4843,5879
18,NOS2,4843,5880
18,NOS2,857,4843
18,NOS2,857,4843
18,NOS2,4843,10273
18,NOS2,801,4843
18,NOS2,801,4843
18,NOS2,4843,3320
18,NOS2,3320,4843
18,NOS2,4843,7531
18,NOS2,4843,7532
18,NOS2,4843,10971
18,NOS2,4843,7534
18,NOS2,4843,5518
18,NOS2,4843,6520
18,NOS2,4843,292
18,NOS2,4843,9131
18,NOS2,4843,57016
18,NOS2,4843,216
18,NOS2,4843,444
18,NOS2,4843,488
18,NOS2,4843,708
18,NOS2,4843,3329
18,NOS2,4843,1654
18,NOS2,4843,3301
18,NOS2,4843,10294
18,NOS2,4843,7266
18,NOS2,4843,2010
18,NOS2,4843,2194
18,NOS2,4843,3313
18,NOS2,4843,3309
18,NOS2,4843,80201
18,NOS2,4843,3185
18,NOS2,4843,10808
18,NOS2,4843,3320
18,NOS2,4843,3326
18,NOS2,4843,3306
18,NOS2,4843,3308
18,NOS2,4843,3315
18,NOS2,4843,10075
18,NOS2,4843,3837
18,NOS2,4843,3875
18,NOS2,4843,8140
18,NOS2,4843,5250
18,NOS2,4843,4673
18,NOS2,4843,4869
18,NOS2,4843,5093
18,NOS2,4843,5591
18,NOS2,4843,5706
18,NOS2,4843,5700
18,NOS2,4843,5702
18,NOS2,4843,5704
18,NOS2,4843,5701
18,NOS2,4843,5705
18,NOS2,4843,5682
18,NOS2,4843,5683
18,NOS2,4843,5684
18,NOS2,4843,5686
18,NOS2,4843,5687
18,NOS2,4843,5688
18,NOS2,4843,5695
18,NOS2,4843,5717
18,NOS2,4843,5718
18,NOS2,4843,5719
18,NOS2,4843,5713
18,NOS2,4843,5708
18,NOS2,4843,5709
18,NOS2,4843,9861
18,NOS2,4843,5714
18,NOS2,4843,790
18,NOS2,4843,5954
18,NOS2,4843,9349
18,NOS2,4843,6160
18,NOS2,4843,6125
18,NOS2,4843,6129
18,NOS2,4843,3178
18,NOS2,4843,6218
18,NOS2,4843,6222
18,NOS2,4843,6189
18,NOS2,4843,6188
18,NOS2,4843,6191
18,NOS2,4843,6628
18,NOS2,4843,10856
18,NOS2,4843,6500
18,NOS2,4843,58472
18,NOS2,4843,6742
18,NOS2,4843,6748
18,NOS2,4843,10963
18,NOS2,4843,6950
18,NOS2,4843,10576
18,NOS2,4843,10575
18,NOS2,4843,22948
18,NOS2,4843,7203
18,NOS2,4843,10574
18,NOS2,4843,10694
18,NOS2,4843,908
18,NOS2,4843,7415
18,NOS2,4843,92609
18,NOS2,4843,4904
18,NOS2,4843,801
18,NOS2,4843,813
18,NOS2,4843,6923
18,NOS2,4843,2195
18,NOS2,4843,8925
18,NOS2,4843,1207
18,NOS2,4843,23077
18,NOS2,4843,54814
18,NOS2,4843,221
18,NOS2,4843,9532
18,NOS2,4843,10423
18,NOS2,4843,8065
18,NOS2,4843,23405
18,NOS2,4843,9093
18,NOS2,4843,3959
18,NOS2,4843,143
18,NOS2,4843,5495
18,NOS2,4843,5537
18,NOS2,4843,10213
18,NOS2,4843,5710
18,NOS2,4843,5955
18,NOS2,4843,84617
18,NOS2,4843,7127
18,NOS2,4843,51377
18,NOS2,4843,55352
18,NOS2,4843,200933
18,NOS2,4843,3310
18,NOS2,4843,3383
18,NOS2,4843,23053
18,NOS2,4843,3856
18,NOS2,4843,3887
18,NOS2,4843,5054
18,NOS2,4843,80176
18,NOS2,4843,10551
18,NOS2,4843,7520
18,NOS2,4843,4831
18,NOS2,4843,5094
18,NOS2,4843,5339
18,NOS2,4843,5685
18,NOS2,4843,51495
18,NOS2,4843,5725
18,NOS2,4843,6737
18,NOS2,4843,6634
18,NOS2,4843,6606
18,NOS2,4843,84727
18,NOS2,4843,11171
18,NOS2,4843,10728
18,NOS2,200933,4843
18,NOS2,4843,200933
18,NOS2,5830,4843
18,NOS2,4111,339345
18,NOS2,84727,4843
18,NOS2,339345,23019
18,NOS2,339345,4849
18,NOS2,339345,23019
18,NOS2,23582,339345
18,NOS2,339345,4848
18,NOS2,339345,10766
18,NOS2,339345,85456
18,NOS2,339345,10950
18,NOS2,339345,55571
18,NOS2,339345,25904
18,NOS2,339345,4849
18,NOS2,339345,50488
18,NOS2,339345,23019
18,NOS2,339345,9125
18,NOS2,339345,9337
18,NOS2,339345,57472
18,NOS2,339345,246175
18,NOS2,339345,2274
18,NOS2,339345,27179
18,NOS2,339345,60313
18,NOS2,339345,29883
18,NOS2,339345,9448
18,NOS2,339345,80351
18,NOS2,5743,18126
18,NOS2,18126,5743
19,PTPN22,26191,26191
19,PTPN22,26191,26191
19,PTPN22,26191,2885
19,PTPN22,26191,6708
19,PTPN22,26191,7415
19,PTPN22,26191,7409
19,PTPN22,26191,7535
19,PTPN22,26191,3932
19,PTPN22,26191,58
19,PTPN22,26191,916
19,PTPN22,26191,7535
19,PTPN22,26191,3932
19,PTPN22,26191,916
19,PTPN22,26191,919
19,PTPN22,26191,867
19,PTPN22,1956,26191
19,PTPN22,6733,26191
19,PTPN22,1195,26191
19,PTPN22,1956,26191
19,PTPN22,1956,26191
19,PTPN22,26191,9050
19,PTPN22,26191,1445
19,PTPN22,26191,9587
19,PTPN22,26191,4716
19,PTPN22,26191,5576
19,PTPN22,26191,8574
19,PTPN22,26191,4704
19,PTPN22,26191,811
19,PTPN22,26191,813
19,PTPN22,26191,60386
19,PTPN22,26191,51150
19,PTPN22,26191,79568
19,PTPN22,26191,91582
19,PTPN22,26191,119559
19,PTPN22,26191,3646
19,PTPN22,26191,3315
19,PTPN22,26191,5954
19,PTPN22,26191,27034
19,PTPN22,26191,2746
19,PTPN22,26191,10456
19,PTPN22,26191,9997
19,PTPN22,26191,9050
19,PTPN22,26191,93594
19,PTPN22,26191,374654
19,PTPN22,26191,1445
19,PTPN22,26191,84445
19,PTPN22,26191,22994
19,PTPN22,26191,10464
19,PTPN22,26191,9851
19,PTPN22,26191,57534
19,PTPN22,26191,29079
19,PTPN22,26191,117178
19,PTPN22,26191,165055
20,RASGRP1,5495,10125
20,RASGRP1,7428,10125
20,RASGRP1,8525,10125
20,RASGRP1,11194,10125
21,RIPK2,8767,8767
21,RIPK2,8767,8767
21,RIPK2,8767,8767
21,RIPK2,329,8767
21,RIPK2,330,8767
21,RIPK2,8767,330
21,RIPK2,329,8767
21,RIPK2,8767,329
21,RIPK2,84674,8767
21,RIPK2,8767,115207
21,RIPK2,8767,11331
21,RIPK2,8767,6208
21,RIPK2,8767,6169
21,RIPK2,64127,8767
21,RIPK2,57506,8767
21,RIPK2,8767,7186
21,RIPK2,57506,8767
21,RIPK2,64127,8767
21,RIPK2,8767,64127
21,RIPK2,8767,8517
21,RIPK2,8767,6885
21,RIPK2,8767,10454
21,RIPK2,8767,23118
21,RIPK2,329,8767
21,RIPK2,330,8767
21,RIPK2,331,8767
21,RIPK2,329,8767
21,RIPK2,330,8767
21,RIPK2,329,8767
21,RIPK2,330,8767
21,RIPK2,64127,8767
21,RIPK2,8767,64127
21,RIPK2,10392,8767
21,RIPK2,8767,8517
21,RIPK2,64127,8767
21,RIPK2,8767,7188
21,RIPK2,8767,7189
21,RIPK2,8767,329
21,RIPK2,8767,7132
21,RIPK2,958,8767
21,RIPK2,7185,8767
21,RIPK2,8767,7186
21,RIPK2,329,8767
21,RIPK2,330,8767
21,RIPK2,834,8767
21,RIPK2,7329,8767
21,RIPK2,8767,8837
21,RIPK2,8767,100506742
21,RIPK2,8767,7189
21,RIPK2,100506742,8767
21,RIPK2,4216,8767
21,RIPK2,9618,8767
21,RIPK2,64127,8767
21,RIPK2,7189,8767
21,RIPK2,8767,331
21,RIPK2,8767,331
21,RIPK2,331,8767
21,RIPK2,6885,8767
21,RIPK2,8767,6885
21,RIPK2,8767,10392
21,RIPK2,6885,8767
21,RIPK2,6885,8767
21,RIPK2,8767,7316
21,RIPK2,8767,331
21,RIPK2,1147,8767
21,RIPK2,120892,8767
21,RIPK2,8767,120892
21,RIPK2,7187,8767
21,RIPK2,7187,8767
21,RIPK2,7187,8767
21,RIPK2,8767,7187
21,RIPK2,8767,55818
21,RIPK2,8767,3275
21,RIPK2,331,8767
21,RIPK2,10392,8767
21,RIPK2,6472,8767
21,RIPK2,4343,8767
21,RIPK2,10482,8767
21,RIPK2,64127,8767
21,RIPK2,3662,8767
21,RIPK2,3662,8767
21,RIPK2,8767,3662
21,RIPK2,11116,8767
21,RIPK2,114769,8767
21,RIPK2,331,8767
21,RIPK2,331,8767
21,RIPK2,8767,246330
21,RIPK2,246330,8767
21,RIPK2,246330,8767
21,RIPK2,64127,8767
21,RIPK2,8767,375607
21,RIPK2,8767,331
21,RIPK2,8767,8737
21,RIPK2,8767,55072
21,RIPK2,7316,8767
21,RIPK2,4089,192656
21,RIPK2,57154,192656
22,SP140,11262,55942
23,SPRED1,161742,7016
23,SPRED1,55644,161742
23,SPRED1,5499,161742
23,SPRED1,79607,161742
23,SPRED1,54902,161742
23,SPRED1,51726,161742
23,SPRED1,1026,161742
23,SPRED1,55577,161742
23,SPRED1,1104,161742
23,SPRED1,8848,161742
23,SPRED1,5499,161742
23,SPRED1,161742,6839
23,SPRED1,23390,161742
23,SPRED1,23390,161742
23,SPRED1,161742,23390
23,SPRED1,55294,161742
23,SPRED1,1994,161742
23,SPRED1,999,161742
23,SPRED1,100009298,161742
26,UCN,1394,7349
26,UCN,1393,7349
26,UCN,7349,1394
26,UCN,64680,7349
26,UCN,29151,1394
26,UCN,7349,58959
26,UCN,7349,64680
26,UCN,1394,29151
